{"PSNR": 34.678810119628906, "MSE": 25.49976348876953, "MS-SSIM": 0.9955080151557922, "FID-CLIP": 1.8390212890980706, "FID_BiomedCLIP": 45.51833099758551, "Samples": 6408}