{"PSNR": 40.794586181640625, "MSE": 0.052490200847387314, "MS-SSIM": 0.9997015595436096, "FID-Inception": 2.4315688610076904, "FID-CLIP": 0.2705078125, "FID_BiomedCLIP": 6.063313007354736, "Samples": 414}