{"PSNR": 40.79456329345703, "MSE": 0.05249020829796791, "MS-SSIM": 0.9997013211250305, "FID-Inception": 2.4315688610076904, "FID-CLIP": 0.2705078125, "FID_BiomedCLIP": 6.063475131988525, "Samples": 414}